Q(ft^3/s),L(ft),D(ft),D(in),Loop1,Loop2
1,3000,1,12,0,2
5,3000,1,12,1,3
1,3000,1,12,5,4
2,2000,0.666666667,8,6,1
-2,2000,0.666666667,8,,
7,1000,0.5,6,,
3,1000,0.5,6,,
