Q(ft^3/s),L(ft),D(ft),D(in),Loop1,Loop2,Loop3,Loop4,Loop5
2,2000,0.5,6,0,2,3,4,9
8,2000,0.5,6,1,5,4,7,10
2,2000,0.666666667,8,2,6,6,8,11
3,2000,0.666666667,8,,,,,
-1,2000,0.666666667,8,,,,,
2,2000,0.666666667,8,,,,,
-6,2828,1,12,,,,,
2,2000,0.5,6,,,,,
12,2000,0.5,6,,,,,
-2,2000,0.5,6,,,,,
6,2000,0.5,6,,,,,
2,2000,0.5,6,,,,,
