Q(ft^3/s),L(ft),D(ft),D(in),Loop1,Loop2
3,4000,0.666666667,8,0,3
1,3000,0.5,6,1,4
2,5000,0.75,9,2,2
1,3000,0.25,3,,
-1,4000,0.666666667,8,,
